{
    "Quick": {
        "RandomForest": [
            {
                "params": {
                    "max_depth": 10,
                    "n_estimators": 50
                },
                "mean_fit_time": 0.2510439395904541,
                "mean_test_score": -33.479709233085124,
                "std_test_score": 4.813285809703906
            }
        ],
        "GradientBoosting": [
            {
                "params": {
                    "learning_rate": 0.1,
                    "max_depth": 3,
                    "n_estimators": 50
                },
                "mean_fit_time": 0.1256122589111328,
                "mean_test_score": -30.860204088851766,
                "std_test_score": 4.26800329697228
            }
        ],
        "GBQuantile90": [
            {
                "params": {
                    "learning_rate": 0.1,
                    "max_depth": 3,
                    "n_estimators": 50
                },
                "mean_fit_time": 0.1519479751586914,
                "mean_test_score": -71.41599160645295,
                "std_test_score": 22.696883510844398
            }
        ],
        "XGBoost": [
            {
                "params": {
                    "learning_rate": 0.1,
                    "max_depth": 3,
                    "n_estimators": 50
                },
                "mean_fit_time": 0.22621588706970214,
                "mean_test_score": -30.53375552999926,
                "std_test_score": 4.538049371676645
            }
        ],
        "Ridge": [
            {
                "params": {
                    "alpha": 1.0
                },
                "mean_fit_time": 0.004384326934814453,
                "mean_test_score": -42.52236211142254,
                "std_test_score": 9.971188462250161
            }
        ],
        "Lasso": [
            {
                "params": {
                    "alpha": 0.1
                },
                "mean_fit_time": 0.0041885852813720705,
                "mean_test_score": -39.83413039642779,
                "std_test_score": 10.168325942515263
            }
        ],
        "ElasticNet": [
            {
                "params": {
                    "alpha": 0.1,
                    "l1_ratio": 0.5
                },
                "mean_fit_time": 0.003588294982910156,
                "mean_test_score": -39.91139584936402,
                "std_test_score": 10.885746402394428
            }
        ]
    },
    "Detailed": {
        "5": {
            "RandomForest": [
                {
                    "params": {
                        "max_depth": 10,
                        "n_estimators": 50
                    },
                    "mean_fit_time": 0.533414649963379,
                    "mean_test_score": -2.670211086967977,
                    "std_test_score": 0.27792173749486465
                }
            ],
            "GradientBoosting": [
                {
                    "params": {
                        "learning_rate": 0.1,
                        "max_depth": 3,
                        "n_estimators": 50
                    },
                    "mean_fit_time": 0.2593390464782715,
                    "mean_test_score": -2.384641483133942,
                    "std_test_score": 0.27534161544052854
                }
            ],
            "GBQuantile90": [
                {
                    "params": {
                        "learning_rate": 0.1,
                        "max_depth": 3,
                        "n_estimators": 50
                    },
                    "mean_fit_time": 0.2929826736450195,
                    "mean_test_score": -7.461227255789869,
                    "std_test_score": 0.9251381346898108
                }
            ],
            "XGBoost": [
                {
                    "params": {
                        "learning_rate": 0.1,
                        "max_depth": 3,
                        "n_estimators": 50
                    },
                    "mean_fit_time": 0.20166587829589844,
                    "mean_test_score": -2.415714727320532,
                    "std_test_score": 0.31118553540435584
                }
            ],
            "Ridge": [
                {
                    "params": {
                        "alpha": 1.0
                    },
                    "mean_fit_time": 0.0052245140075683595,
                    "mean_test_score": -2.1822063955906588,
                    "std_test_score": 0.21463593139713333
                }
            ],
            "Lasso": [
                {
                    "params": {
                        "alpha": 0.1
                    },
                    "mean_fit_time": 0.0041373252868652345,
                    "mean_test_score": -2.1839098547388787,
                    "std_test_score": 0.23137594407949394
                }
            ],
            "ElasticNet": [
                {
                    "params": {
                        "alpha": 0.1,
                        "l1_ratio": 0.5
                    },
                    "mean_fit_time": 0.004521608352661133,
                    "mean_test_score": -2.6293901872356047,
                    "std_test_score": 0.35350427289407327
                }
            ]
        },
        "15": {
            "RandomForest": [
                {
                    "params": {
                        "max_depth": 10,
                        "n_estimators": 50
                    },
                    "mean_fit_time": 0.5475459098815918,
                    "mean_test_score": -8.221463474288871,
                    "std_test_score": 1.4609746513350947
                }
            ],
            "GradientBoosting": [
                {
                    "params": {
                        "learning_rate": 0.1,
                        "max_depth": 3,
                        "n_estimators": 50
                    },
                    "mean_fit_time": 0.2599800109863281,
                    "mean_test_score": -7.446242836217365,
                    "std_test_score": 1.3683504220499938
                }
            ],
            "GBQuantile90": [
                {
                    "params": {
                        "learning_rate": 0.1,
                        "max_depth": 3,
                        "n_estimators": 50
                    },
                    "mean_fit_time": 0.2879013538360596,
                    "mean_test_score": -18.196642010449892,
                    "std_test_score": 1.0842992137536207
                }
            ],
            "XGBoost": [
                {
                    "params": {
                        "learning_rate": 0.1,
                        "max_depth": 3,
                        "n_estimators": 50
                    },
                    "mean_fit_time": 0.19630036354064942,
                    "mean_test_score": -7.3857953491870845,
                    "std_test_score": 1.304470405180714
                }
            ],
            "Ridge": [
                {
                    "params": {
                        "alpha": 1.0
                    },
                    "mean_fit_time": 0.005089664459228515,
                    "mean_test_score": -6.890182082482056,
                    "std_test_score": 0.9358953463219526
                }
            ],
            "Lasso": [
                {
                    "params": {
                        "alpha": 0.1
                    },
                    "mean_fit_time": 0.0039748668670654295,
                    "mean_test_score": -6.64767188239184,
                    "std_test_score": 0.8803140711260905
                }
            ],
            "ElasticNet": [
                {
                    "params": {
                        "alpha": 0.1,
                        "l1_ratio": 0.5
                    },
                    "mean_fit_time": 0.004376792907714843,